{
  "resourceType" : "ConceptMap",
  "id" : "twcdc-testdisease",
  "text" : {
    "status" : "generated",
    "div" : "<div xmlns=\"http://www.w3.org/1999/xhtml\"><p class=\"res-header-id\"><b>Generated Narrative: ConceptMap twcdc-testdisease</b></p><a name=\"twcdc-testdisease\"> </a><a name=\"hctwcdc-testdisease\"> </a><a name=\"twcdc-testdisease-en-US\"> </a><p>Mapping from <a href=\"ValueSet-twcdc-testdisease-values.html\">CDC-LIMS系統-檢驗疾病值集</a> to <a href=\"https://twcore.mohw.gov.tw/ig/twcore/0.3.2/ValueSet-icd-10-cm-2023-tw.html\">臺灣健保署2023年中文版ICD-10-CM值集</a></p><br/><p><b>Group 1 </b>Mapping from <a href=\"CodeSystem-twcdc-testdisease-values.html\">CDC-LIMS系統-檢驗疾病</a> to <a href=\"https://twcore.mohw.gov.tw/ig/twcore/0.3.2/ValueSet-icd-10-cm-2023-tw.html\">臺灣健保署2023年中文版ICD-10-CM</a></p><table class=\"grid\"><tr><td><b>Source Code</b></td><td><b>Relationship</b></td><td><b>Target Code</b></td></tr><tr><td>0701 (急性病毒性Ａ型肝炎)</td><td><a href=\"http://hl7.org/fhir/R5/codesystem-concept-map-relationship.html#specializes\" title=\"specializes\">has specialization</a></td><td>B15.0 (A型肝炎伴有肝昏迷)</td></tr><tr><td>0701 (急性病毒性Ａ型肝炎)</td><td><a href=\"http://hl7.org/fhir/R5/codesystem-concept-map-relationship.html#specializes\" title=\"specializes\">has specialization</a></td><td>B15.9 (Ａ型肝炎未伴有肝昏迷)</td></tr><tr><td>0703 (急性病毒性Ｂ型肝炎)</td><td><a href=\"http://hl7.org/fhir/R5/codesystem-concept-map-relationship.html#specializes\" title=\"specializes\">has specialization</a></td><td>B16.2 (急性B型病毒性肝炎未併D 型肝炎病毒伴有肝昏迷)</td></tr><tr><td>0703 (急性病毒性Ｂ型肝炎)</td><td><a href=\"http://hl7.org/fhir/R5/codesystem-concept-map-relationship.html#specializes\" title=\"specializes\">has specialization</a></td><td>B16.9 (急性B型病毒性肝炎未併D 型肝炎病毒未伴有肝昏迷)</td></tr><tr><td>0705 (急性病毒性Ｃ型肝炎)</td><td><a href=\"http://hl7.org/fhir/R5/codesystem-concept-map-relationship.html#specializes\" title=\"specializes\">has specialization</a></td><td>B17.10 (急性C型病毒性肝炎未伴有肝昏迷)</td></tr><tr><td>0705 (急性病毒性Ｃ型肝炎)</td><td><a href=\"http://hl7.org/fhir/R5/codesystem-concept-map-relationship.html#specializes\" title=\"specializes\">has specialization</a></td><td>B17.11 (急性C型病毒性肝炎伴有肝昏迷)</td></tr><tr><td>19SC (新冠併發重症)</td><td><a href=\"http://hl7.org/fhir/R5/codesystem-concept-map-relationship.html#specializes\" title=\"specializes\">has specialization</a></td><td>U07.1 (嚴重特殊傳染性肺炎)</td></tr><tr><td>19SC (新冠併發重症)</td><td><a href=\"http://hl7.org/fhir/R5/codesystem-concept-map-relationship.html#specializes\" title=\"specializes\">has specialization</a></td><td>U09.9 (嚴重特殊傳染性肺炎後的病況)</td></tr><tr><td>19SC (新冠併發重症)</td><td><a href=\"http://hl7.org/fhir/R5/codesystem-concept-map-relationship.html#specializes\" title=\"specializes\">has specialization</a></td><td>Z11.52 (來院接受嚴重特殊傳染性肺炎之篩檢)</td></tr><tr><td>19SC (新冠併發重症)</td><td><a href=\"http://hl7.org/fhir/R5/codesystem-concept-map-relationship.html#specializes\" title=\"specializes\">has specialization</a></td><td>Z20.822 (嚴重特殊傳染性肺炎之接觸和疑似曝露)</td></tr><tr><td>19SC (新冠併發重症)</td><td><a href=\"http://hl7.org/fhir/R5/codesystem-concept-map-relationship.html#specializes\" title=\"specializes\">has specialization</a></td><td>Z28.310 (未接種嚴重特殊傳染性肺炎疫苗)</td></tr><tr><td>19SC (新冠併發重症)</td><td><a href=\"http://hl7.org/fhir/R5/codesystem-concept-map-relationship.html#specializes\" title=\"specializes\">has specialization</a></td><td>Z28.311 (部分接種嚴重特殊傳染性肺炎疫苗)</td></tr><tr><td>19SC (新冠併發重症)</td><td><a href=\"http://hl7.org/fhir/R5/codesystem-concept-map-relationship.html#specializes\" title=\"specializes\">has specialization</a></td><td>Z86.16 (嚴重特殊傳染性肺炎之個人史)</td></tr><tr><td>061 (登革熱)</td><td><a href=\"http://hl7.org/fhir/R5/codesystem-concept-map-relationship.html#specializes\" title=\"specializes\">has specialization</a></td><td>A90 (登革熱[典型登革熱])</td></tr><tr><td>061 (登革熱)</td><td><a href=\"http://hl7.org/fhir/R5/codesystem-concept-map-relationship.html#specializes\" title=\"specializes\">has specialization</a></td><td>A91 (登革出血熱)</td></tr><tr><td>487a (流感併發重症)</td><td><a href=\"http://hl7.org/fhir/R5/codesystem-concept-map-relationship.html#specializes\" title=\"specializes\">has specialization</a></td><td>J09.X1 (確認新型流感A型病毒所致流行性感冒併肺炎)</td></tr><tr><td>487a (流感併發重症)</td><td><a href=\"http://hl7.org/fhir/R5/codesystem-concept-map-relationship.html#specializes\" title=\"specializes\">has specialization</a></td><td>J09.X2 (確認新型流感A型病毒所致流行性感冒併其他呼吸道表徵)</td></tr><tr><td>487a (流感併發重症)</td><td><a href=\"http://hl7.org/fhir/R5/codesystem-concept-map-relationship.html#specializes\" title=\"specializes\">has specialization</a></td><td>J09.X3 (確認新型流感A型病毒所致流行性感冒併胃腸道表徵)</td></tr><tr><td>487a (流感併發重症)</td><td><a href=\"http://hl7.org/fhir/R5/codesystem-concept-map-relationship.html#specializes\" title=\"specializes\">has specialization</a></td><td>J09.X9 (確認新型流感A型病毒所致流行性感冒併其他表徵)</td></tr><tr><td>487a (流感併發重症)</td><td><a href=\"http://hl7.org/fhir/R5/codesystem-concept-map-relationship.html#specializes\" title=\"specializes\">has specialization</a></td><td>J10.00 (其他確認流感病毒所致流行性感冒併未明示類型肺炎)</td></tr><tr><td>487a (流感併發重症)</td><td><a href=\"http://hl7.org/fhir/R5/codesystem-concept-map-relationship.html#specializes\" title=\"specializes\">has specialization</a></td><td>J10.01 (其他確認流感病毒所致流行性感冒併同其他確認的流感病毒性肺炎)</td></tr><tr><td>487a (流感併發重症)</td><td><a href=\"http://hl7.org/fhir/R5/codesystem-concept-map-relationship.html#specializes\" title=\"specializes\">has specialization</a></td><td>J10.08 (其他確認流感病毒所致流行性感冒併其他特定肺炎)</td></tr><tr><td>487a (流感併發重症)</td><td><a href=\"http://hl7.org/fhir/R5/codesystem-concept-map-relationship.html#specializes\" title=\"specializes\">has specialization</a></td><td>J10.1 (其他確認流感病毒所致流行性感冒併其他呼吸道表徵)</td></tr><tr><td>487a (流感併發重症)</td><td><a href=\"http://hl7.org/fhir/R5/codesystem-concept-map-relationship.html#specializes\" title=\"specializes\">has specialization</a></td><td>J10.2 (其他確認流感病毒所致流行性感冒併胃腸道表徵)</td></tr><tr><td>487a (流感併發重症)</td><td><a href=\"http://hl7.org/fhir/R5/codesystem-concept-map-relationship.html#specializes\" title=\"specializes\">has specialization</a></td><td>J10.81 (其他確認流感病毒所致流行性感冒併腦病變)</td></tr><tr><td>487a (流感併發重症)</td><td><a href=\"http://hl7.org/fhir/R5/codesystem-concept-map-relationship.html#specializes\" title=\"specializes\">has specialization</a></td><td>J10.82 (其他確認流感病毒所致流行性感冒併心肌炎)</td></tr><tr><td>487a (流感併發重症)</td><td><a href=\"http://hl7.org/fhir/R5/codesystem-concept-map-relationship.html#specializes\" title=\"specializes\">has specialization</a></td><td>J10.83 (其他確認流感病毒所致流行性感冒併中耳炎)</td></tr><tr><td>487a (流感併發重症)</td><td><a href=\"http://hl7.org/fhir/R5/codesystem-concept-map-relationship.html#specializes\" title=\"specializes\">has specialization</a></td><td>J10.89 (其他確認流感病毒所致流行性感冒併其他表徵)</td></tr><tr><td>487a (流感併發重症)</td><td><a href=\"http://hl7.org/fhir/R5/codesystem-concept-map-relationship.html#specializes\" title=\"specializes\">has specialization</a></td><td>J11.00 (未確認流感病毒所致流行性感冒併未明示類型肺炎)</td></tr><tr><td>487a (流感併發重症)</td><td><a href=\"http://hl7.org/fhir/R5/codesystem-concept-map-relationship.html#specializes\" title=\"specializes\">has specialization</a></td><td>J11.08 (未確認流感病毒所致流行性感冒併明示類型肺炎)</td></tr><tr><td>487a (流感併發重症)</td><td><a href=\"http://hl7.org/fhir/R5/codesystem-concept-map-relationship.html#specializes\" title=\"specializes\">has specialization</a></td><td>J11.1 (未確認流感病毒所致流行性感冒併其他呼吸道表徵)</td></tr><tr><td>487a (流感併發重症)</td><td><a href=\"http://hl7.org/fhir/R5/codesystem-concept-map-relationship.html#specializes\" title=\"specializes\">has specialization</a></td><td>J11.2 (未確認流感病毒所致流行性感冒併胃腸道表徵)</td></tr><tr><td>487a (流感併發重症)</td><td><a href=\"http://hl7.org/fhir/R5/codesystem-concept-map-relationship.html#specializes\" title=\"specializes\">has specialization</a></td><td>J11.81 (未確認流感病毒所致流行性感冒併腦病變)</td></tr><tr><td>487a (流感併發重症)</td><td><a href=\"http://hl7.org/fhir/R5/codesystem-concept-map-relationship.html#specializes\" title=\"specializes\">has specialization</a></td><td>J11.82 (未確認流感病毒所致流行性感冒併心肌炎)</td></tr><tr><td>487a (流感併發重症)</td><td><a href=\"http://hl7.org/fhir/R5/codesystem-concept-map-relationship.html#specializes\" title=\"specializes\">has specialization</a></td><td>J11.83 (未確認流感病毒所致流行性感冒併中耳炎)</td></tr><tr><td>487a (流感併發重症)</td><td><a href=\"http://hl7.org/fhir/R5/codesystem-concept-map-relationship.html#specializes\" title=\"specializes\">has specialization</a></td><td>J11.89 (未確認流感病毒所致流行性感冒併其他表徵)</td></tr><tr><td>4828 (退伍軍人病)</td><td><a href=\"http://hl7.org/fhir/R5/codesystem-concept-map-relationship.html#specializes\" title=\"specializes\">has specialization</a></td><td>A48.1 (退伍軍人症)</td></tr><tr><td>4828 (退伍軍人病)</td><td><a href=\"http://hl7.org/fhir/R5/codesystem-concept-map-relationship.html#specializes\" title=\"specializes\">has specialization</a></td><td>A48.2 (非肺炎性退伍軍人病[Pontiac熱])</td></tr><tr><td>0412 (侵襲性肺炎鏈球菌感染症)</td><td><a href=\"http://hl7.org/fhir/R5/codesystem-concept-map-relationship.html#specializes\" title=\"specializes\">has specialization</a></td><td>J13 (肺炎鏈球菌性肺炎)</td></tr><tr><td>004 (悍菌性痢疾)</td><td><a href=\"http://hl7.org/fhir/R5/codesystem-concept-map-relationship.html#specializes\" title=\"specializes\">has specialization</a></td><td>A03.0 (痢疾性志賀桿菌所致之志賀桿菌病)</td></tr><tr><td>004 (悍菌性痢疾)</td><td><a href=\"http://hl7.org/fhir/R5/codesystem-concept-map-relationship.html#specializes\" title=\"specializes\">has specialization</a></td><td>A03.1 (副痢疾桿菌所致之志賀桿菌病)</td></tr><tr><td>004 (悍菌性痢疾)</td><td><a href=\"http://hl7.org/fhir/R5/codesystem-concept-map-relationship.html#specializes\" title=\"specializes\">has specialization</a></td><td>A03.2 (痢疾桿菌所致之志賀桿菌病)</td></tr><tr><td>098 (淋病)</td><td><a href=\"http://hl7.org/fhir/R5/codesystem-concept-map-relationship.html#specializes\" title=\"specializes\">has specialization</a></td><td>A54.00 (下生殖泌尿道淋病雙球菌感染)</td></tr><tr><td>098 (淋病)</td><td><a href=\"http://hl7.org/fhir/R5/codesystem-concept-map-relationship.html#specializes\" title=\"specializes\">has specialization</a></td><td>A54.01 (淋病雙球菌性膀胱炎及尿道炎，未明示)</td></tr><tr><td>098 (淋病)</td><td><a href=\"http://hl7.org/fhir/R5/codesystem-concept-map-relationship.html#specializes\" title=\"specializes\">has specialization</a></td><td>A54.02 (淋病雙球菌性外陰陰道炎)</td></tr><tr><td>098 (淋病)</td><td><a href=\"http://hl7.org/fhir/R5/codesystem-concept-map-relationship.html#specializes\" title=\"specializes\">has specialization</a></td><td>A54.03 (淋病雙球菌性子宮頸炎)</td></tr><tr><td>098 (淋病)</td><td><a href=\"http://hl7.org/fhir/R5/codesystem-concept-map-relationship.html#specializes\" title=\"specializes\">has specialization</a></td><td>A54.09 (其他下生殖泌尿道淋病雙球菌感染)</td></tr><tr><td>098 (淋病)</td><td><a href=\"http://hl7.org/fhir/R5/codesystem-concept-map-relationship.html#specializes\" title=\"specializes\">has specialization</a></td><td>A54.1 (伴有尿道周圍及附屬腺體膿瘍之下生殖泌尿道淋病雙球菌感染)</td></tr><tr><td>098 (淋病)</td><td><a href=\"http://hl7.org/fhir/R5/codesystem-concept-map-relationship.html#specializes\" title=\"specializes\">has specialization</a></td><td>A54.21 (腎及輸尿管淋病雙球菌感染)</td></tr><tr><td>098 (淋病)</td><td><a href=\"http://hl7.org/fhir/R5/codesystem-concept-map-relationship.html#specializes\" title=\"specializes\">has specialization</a></td><td>A54.22 (淋病雙球菌性攝護腺炎)</td></tr><tr><td>098 (淋病)</td><td><a href=\"http://hl7.org/fhir/R5/codesystem-concept-map-relationship.html#specializes\" title=\"specializes\">has specialization</a></td><td>A54.23 (其他男性生殖器官淋病雙球菌感染)</td></tr><tr><td>098 (淋病)</td><td><a href=\"http://hl7.org/fhir/R5/codesystem-concept-map-relationship.html#specializes\" title=\"specializes\">has specialization</a></td><td>A54.24 (淋病雙球菌性女性骨盆腔炎性疾病)</td></tr><tr><td>098 (淋病)</td><td><a href=\"http://hl7.org/fhir/R5/codesystem-concept-map-relationship.html#specializes\" title=\"specializes\">has specialization</a></td><td>A54.29 (其他生殖泌尿道淋病雙球菌感染)</td></tr><tr><td>098 (淋病)</td><td><a href=\"http://hl7.org/fhir/R5/codesystem-concept-map-relationship.html#specializes\" title=\"specializes\">has specialization</a></td><td>A54.30 (眼淋病雙球菌感染)</td></tr><tr><td>098 (淋病)</td><td><a href=\"http://hl7.org/fhir/R5/codesystem-concept-map-relationship.html#specializes\" title=\"specializes\">has specialization</a></td><td>A54.31 (淋病雙球菌性結膜炎)</td></tr><tr><td>098 (淋病)</td><td><a href=\"http://hl7.org/fhir/R5/codesystem-concept-map-relationship.html#specializes\" title=\"specializes\">has specialization</a></td><td>A54.32 (淋病雙球菌性虹膜炎)</td></tr><tr><td>098 (淋病)</td><td><a href=\"http://hl7.org/fhir/R5/codesystem-concept-map-relationship.html#specializes\" title=\"specializes\">has specialization</a></td><td>A54.33 (淋病雙球菌性角膜炎)</td></tr><tr><td>098 (淋病)</td><td><a href=\"http://hl7.org/fhir/R5/codesystem-concept-map-relationship.html#specializes\" title=\"specializes\">has specialization</a></td><td>A54.39 (其他眼淋病雙球菌感染)</td></tr><tr><td>098 (淋病)</td><td><a href=\"http://hl7.org/fhir/R5/codesystem-concept-map-relationship.html#specializes\" title=\"specializes\">has specialization</a></td><td>A54.40 (肌肉骨骼系統淋病雙球菌感染)</td></tr><tr><td>098 (淋病)</td><td><a href=\"http://hl7.org/fhir/R5/codesystem-concept-map-relationship.html#specializes\" title=\"specializes\">has specialization</a></td><td>A54.41 (淋病雙球菌性脊椎疾病)</td></tr><tr><td>098 (淋病)</td><td><a href=\"http://hl7.org/fhir/R5/codesystem-concept-map-relationship.html#specializes\" title=\"specializes\">has specialization</a></td><td>A54.42 (淋病雙球菌性關節炎)</td></tr><tr><td>098 (淋病)</td><td><a href=\"http://hl7.org/fhir/R5/codesystem-concept-map-relationship.html#specializes\" title=\"specializes\">has specialization</a></td><td>A54.43 (淋病雙球菌性骨髓炎)</td></tr><tr><td>098 (淋病)</td><td><a href=\"http://hl7.org/fhir/R5/codesystem-concept-map-relationship.html#specializes\" title=\"specializes\">has specialization</a></td><td>A54.49 (其他肌肉骨髂組織淋病雙球菌感染)</td></tr><tr><td>098 (淋病)</td><td><a href=\"http://hl7.org/fhir/R5/codesystem-concept-map-relationship.html#specializes\" title=\"specializes\">has specialization</a></td><td>A54.5 (淋病雙球菌性咽炎)</td></tr><tr><td>098 (淋病)</td><td><a href=\"http://hl7.org/fhir/R5/codesystem-concept-map-relationship.html#specializes\" title=\"specializes\">has specialization</a></td><td>A54.6 (肛門及直腸淋病雙球菌感染)</td></tr><tr><td>098 (淋病)</td><td><a href=\"http://hl7.org/fhir/R5/codesystem-concept-map-relationship.html#specializes\" title=\"specializes\">has specialization</a></td><td>A54.81 (淋病雙球菌性腦膜炎)</td></tr><tr><td>098 (淋病)</td><td><a href=\"http://hl7.org/fhir/R5/codesystem-concept-map-relationship.html#specializes\" title=\"specializes\">has specialization</a></td><td>A54.82 (淋病雙球菌性腦膿瘍)</td></tr><tr><td>098 (淋病)</td><td><a href=\"http://hl7.org/fhir/R5/codesystem-concept-map-relationship.html#specializes\" title=\"specializes\">has specialization</a></td><td>A54.83 (淋病雙球菌性心臟感染)</td></tr><tr><td>098 (淋病)</td><td><a href=\"http://hl7.org/fhir/R5/codesystem-concept-map-relationship.html#specializes\" title=\"specializes\">has specialization</a></td><td>A54.84 (淋病雙球菌性肺炎)</td></tr><tr><td>098 (淋病)</td><td><a href=\"http://hl7.org/fhir/R5/codesystem-concept-map-relationship.html#specializes\" title=\"specializes\">has specialization</a></td><td>A54.85 (淋病雙球菌性腹膜炎)</td></tr><tr><td>098 (淋病)</td><td><a href=\"http://hl7.org/fhir/R5/codesystem-concept-map-relationship.html#specializes\" title=\"specializes\">has specialization</a></td><td>A54.86 (淋病雙球菌性敗血症)</td></tr><tr><td>098 (淋病)</td><td><a href=\"http://hl7.org/fhir/R5/codesystem-concept-map-relationship.html#specializes\" title=\"specializes\">has specialization</a></td><td>A54.89 (其他淋病雙球菌感染)</td></tr><tr><td>098 (淋病)</td><td><a href=\"http://hl7.org/fhir/R5/codesystem-concept-map-relationship.html#specializes\" title=\"specializes\">has specialization</a></td><td>A54.9 (淋病雙球菌感染)</td></tr><tr><td>098 (淋病)</td><td><a href=\"http://hl7.org/fhir/R5/codesystem-concept-map-relationship.html#specializes\" title=\"specializes\">has specialization</a></td><td>O98.211 (淋病，妊娠第一期)</td></tr><tr><td>098 (淋病)</td><td><a href=\"http://hl7.org/fhir/R5/codesystem-concept-map-relationship.html#specializes\" title=\"specializes\">has specialization</a></td><td>O98.212 (淋病，妊娠第二期)</td></tr><tr><td>098 (淋病)</td><td><a href=\"http://hl7.org/fhir/R5/codesystem-concept-map-relationship.html#specializes\" title=\"specializes\">has specialization</a></td><td>O98.213 (淋病，妊娠第三期)</td></tr><tr><td>098 (淋病)</td><td><a href=\"http://hl7.org/fhir/R5/codesystem-concept-map-relationship.html#specializes\" title=\"specializes\">has specialization</a></td><td>O98.219 (淋病，未明示妊娠期)</td></tr><tr><td>098 (淋病)</td><td><a href=\"http://hl7.org/fhir/R5/codesystem-concept-map-relationship.html#specializes\" title=\"specializes\">has specialization</a></td><td>O98.22 (生產時淋病)</td></tr><tr><td>098 (淋病)</td><td><a href=\"http://hl7.org/fhir/R5/codesystem-concept-map-relationship.html#specializes\" title=\"specializes\">has specialization</a></td><td>O98.23 (產褥期淋病)</td></tr><tr><td>090 (梅毒)</td><td><a href=\"http://hl7.org/fhir/R5/codesystem-concept-map-relationship.html#specializes\" title=\"specializes\">has specialization</a></td><td>A50.01 (早期先天性梅毒性眼病變)</td></tr><tr><td>090 (梅毒)</td><td><a href=\"http://hl7.org/fhir/R5/codesystem-concept-map-relationship.html#specializes\" title=\"specializes\">has specialization</a></td><td>A50.02 (早期先天性梅毒性骨軟骨病變)</td></tr><tr><td>090 (梅毒)</td><td><a href=\"http://hl7.org/fhir/R5/codesystem-concept-map-relationship.html#specializes\" title=\"specializes\">has specialization</a></td><td>A50.03 (早期先天性梅毒性咽炎)</td></tr><tr><td>090 (梅毒)</td><td><a href=\"http://hl7.org/fhir/R5/codesystem-concept-map-relationship.html#specializes\" title=\"specializes\">has specialization</a></td><td>A50.04 (早期先天性梅毒性肺炎)</td></tr><tr><td>090 (梅毒)</td><td><a href=\"http://hl7.org/fhir/R5/codesystem-concept-map-relationship.html#specializes\" title=\"specializes\">has specialization</a></td><td>A50.05 (早期先天性梅毒性鼻炎)</td></tr><tr><td>090 (梅毒)</td><td><a href=\"http://hl7.org/fhir/R5/codesystem-concept-map-relationship.html#specializes\" title=\"specializes\">has specialization</a></td><td>A50.06 (早期先天性皮膚梅毒)</td></tr><tr><td>090 (梅毒)</td><td><a href=\"http://hl7.org/fhir/R5/codesystem-concept-map-relationship.html#specializes\" title=\"specializes\">has specialization</a></td><td>A50.07 (早期先天性皮膚黏膜梅毒)</td></tr><tr><td>090 (梅毒)</td><td><a href=\"http://hl7.org/fhir/R5/codesystem-concept-map-relationship.html#specializes\" title=\"specializes\">has specialization</a></td><td>A50.08 (早期先天性內臟梅毒)</td></tr><tr><td>090 (梅毒)</td><td><a href=\"http://hl7.org/fhir/R5/codesystem-concept-map-relationship.html#specializes\" title=\"specializes\">has specialization</a></td><td>A50.09 (其他有症狀之早期先天性梅毒)</td></tr><tr><td>090 (梅毒)</td><td><a href=\"http://hl7.org/fhir/R5/codesystem-concept-map-relationship.html#specializes\" title=\"specializes\">has specialization</a></td><td>A50.1 (潛伏性之早期先天性梅毒)</td></tr><tr><td>090 (梅毒)</td><td><a href=\"http://hl7.org/fhir/R5/codesystem-concept-map-relationship.html#specializes\" title=\"specializes\">has specialization</a></td><td>A50.2 (早期先天性梅毒)</td></tr><tr><td>090 (梅毒)</td><td><a href=\"http://hl7.org/fhir/R5/codesystem-concept-map-relationship.html#specializes\" title=\"specializes\">has specialization</a></td><td>A50.30 (晚期先天梅毒性眼病變)</td></tr><tr><td>090 (梅毒)</td><td><a href=\"http://hl7.org/fhir/R5/codesystem-concept-map-relationship.html#specializes\" title=\"specializes\">has specialization</a></td><td>A50.31 (晚期先天梅毒性間質角膜炎)</td></tr><tr><td>090 (梅毒)</td><td><a href=\"http://hl7.org/fhir/R5/codesystem-concept-map-relationship.html#specializes\" title=\"specializes\">has specialization</a></td><td>A50.32 (晚期先天梅毒性脈絡膜視網膜炎)</td></tr><tr><td>090 (梅毒)</td><td><a href=\"http://hl7.org/fhir/R5/codesystem-concept-map-relationship.html#specializes\" title=\"specializes\">has specialization</a></td><td>A50.39 (其他晚期先天性梅毒眼病變)</td></tr><tr><td>090 (梅毒)</td><td><a href=\"http://hl7.org/fhir/R5/codesystem-concept-map-relationship.html#specializes\" title=\"specializes\">has specialization</a></td><td>A50.40 (晚期先天性神經梅毒)</td></tr><tr><td>090 (梅毒)</td><td><a href=\"http://hl7.org/fhir/R5/codesystem-concept-map-relationship.html#specializes\" title=\"specializes\">has specialization</a></td><td>A50.41 (晚期先天性梅毒性腦膜炎)</td></tr><tr><td>090 (梅毒)</td><td><a href=\"http://hl7.org/fhir/R5/codesystem-concept-map-relationship.html#specializes\" title=\"specializes\">has specialization</a></td><td>A50.42 (晚期先天性梅毒性腦炎)</td></tr><tr><td>090 (梅毒)</td><td><a href=\"http://hl7.org/fhir/R5/codesystem-concept-map-relationship.html#specializes\" title=\"specializes\">has specialization</a></td><td>A50.43 (晚期先天性神經梅毒多神經病變)</td></tr><tr><td>090 (梅毒)</td><td><a href=\"http://hl7.org/fhir/R5/codesystem-concept-map-relationship.html#specializes\" title=\"specializes\">has specialization</a></td><td>A50.44 (晚期先天性梅毒視神經萎縮)</td></tr><tr><td>090 (梅毒)</td><td><a href=\"http://hl7.org/fhir/R5/codesystem-concept-map-relationship.html#specializes\" title=\"specializes\">has specialization</a></td><td>A50.49 (其他晚期先天性神經梅毒)</td></tr><tr><td>090 (梅毒)</td><td><a href=\"http://hl7.org/fhir/R5/codesystem-concept-map-relationship.html#specializes\" title=\"specializes\">has specialization</a></td><td>A50.54 (晚期先天性心血管梅毒)</td></tr><tr><td>090 (梅毒)</td><td><a href=\"http://hl7.org/fhir/R5/codesystem-concept-map-relationship.html#specializes\" title=\"specializes\">has specialization</a></td><td>A50.55 (晚期先天性梅毒關節病變)</td></tr><tr><td>090 (梅毒)</td><td><a href=\"http://hl7.org/fhir/R5/codesystem-concept-map-relationship.html#specializes\" title=\"specializes\">has specialization</a></td><td>A50.56 (晚期先天性梅毒骨軟骨病變)</td></tr><tr><td>090 (梅毒)</td><td><a href=\"http://hl7.org/fhir/R5/codesystem-concept-map-relationship.html#specializes\" title=\"specializes\">has specialization</a></td><td>A50.57 (梅毒性馬鞍鼻)</td></tr><tr><td>090 (梅毒)</td><td><a href=\"http://hl7.org/fhir/R5/codesystem-concept-map-relationship.html#specializes\" title=\"specializes\">has specialization</a></td><td>A50.59 (有症狀之其他晚期先天性梅毒)</td></tr><tr><td>090 (梅毒)</td><td><a href=\"http://hl7.org/fhir/R5/codesystem-concept-map-relationship.html#specializes\" title=\"specializes\">has specialization</a></td><td>A50.6 (潛伏性之晚期先天性梅毒)</td></tr><tr><td>090 (梅毒)</td><td><a href=\"http://hl7.org/fhir/R5/codesystem-concept-map-relationship.html#specializes\" title=\"specializes\">has specialization</a></td><td>A50.7 (晚期先天性梅毒)</td></tr><tr><td>090 (梅毒)</td><td><a href=\"http://hl7.org/fhir/R5/codesystem-concept-map-relationship.html#specializes\" title=\"specializes\">has specialization</a></td><td>A50.9 (先天性梅毒)</td></tr><tr><td>090 (梅毒)</td><td><a href=\"http://hl7.org/fhir/R5/codesystem-concept-map-relationship.html#specializes\" title=\"specializes\">has specialization</a></td><td>A51.0 (第一期(原發性)生殖器梅毒)</td></tr><tr><td>090 (梅毒)</td><td><a href=\"http://hl7.org/fhir/R5/codesystem-concept-map-relationship.html#specializes\" title=\"specializes\">has specialization</a></td><td>A51.1 (第一期(原發性)肛門梅毒)</td></tr><tr><td>090 (梅毒)</td><td><a href=\"http://hl7.org/fhir/R5/codesystem-concept-map-relationship.html#specializes\" title=\"specializes\">has specialization</a></td><td>A51.2 (其他部位第一期(原發性)梅毒)</td></tr><tr><td>090 (梅毒)</td><td><a href=\"http://hl7.org/fhir/R5/codesystem-concept-map-relationship.html#specializes\" title=\"specializes\">has specialization</a></td><td>A51.32 (梅毒性禿髮)</td></tr><tr><td>090 (梅毒)</td><td><a href=\"http://hl7.org/fhir/R5/codesystem-concept-map-relationship.html#specializes\" title=\"specializes\">has specialization</a></td><td>A51.39 (其他第二期(續發性)皮膚梅毒)</td></tr><tr><td>090 (梅毒)</td><td><a href=\"http://hl7.org/fhir/R5/codesystem-concept-map-relationship.html#specializes\" title=\"specializes\">has specialization</a></td><td>A51.41 (續發性梅毒腦膜炎)</td></tr><tr><td>090 (梅毒)</td><td><a href=\"http://hl7.org/fhir/R5/codesystem-concept-map-relationship.html#specializes\" title=\"specializes\">has specialization</a></td><td>A51.42 (第二期(續發性)梅毒性女性骨盆發炎性疾病)</td></tr><tr><td>090 (梅毒)</td><td><a href=\"http://hl7.org/fhir/R5/codesystem-concept-map-relationship.html#specializes\" title=\"specializes\">has specialization</a></td><td>A51.43 (第二期(續發性)梅毒性眼病變)</td></tr><tr><td>090 (梅毒)</td><td><a href=\"http://hl7.org/fhir/R5/codesystem-concept-map-relationship.html#specializes\" title=\"specializes\">has specialization</a></td><td>A51.44 (第二期(續發性)梅毒腎炎)</td></tr><tr><td>090 (梅毒)</td><td><a href=\"http://hl7.org/fhir/R5/codesystem-concept-map-relationship.html#specializes\" title=\"specializes\">has specialization</a></td><td>A51.45 (第二期(續發性)梅毒肝炎)</td></tr><tr><td>090 (梅毒)</td><td><a href=\"http://hl7.org/fhir/R5/codesystem-concept-map-relationship.html#specializes\" title=\"specializes\">has specialization</a></td><td>A51.46 (第二期(續發性)梅毒骨病變)</td></tr><tr><td>090 (梅毒)</td><td><a href=\"http://hl7.org/fhir/R5/codesystem-concept-map-relationship.html#specializes\" title=\"specializes\">has specialization</a></td><td>A51.49 (其他第二期(續發性)梅毒)</td></tr><tr><td>090 (梅毒)</td><td><a href=\"http://hl7.org/fhir/R5/codesystem-concept-map-relationship.html#specializes\" title=\"specializes\">has specialization</a></td><td>A51.5 (潛伏性早期梅毒)</td></tr><tr><td>090 (梅毒)</td><td><a href=\"http://hl7.org/fhir/R5/codesystem-concept-map-relationship.html#specializes\" title=\"specializes\">has specialization</a></td><td>A51.9 (早期梅毒)</td></tr><tr><td>090 (梅毒)</td><td><a href=\"http://hl7.org/fhir/R5/codesystem-concept-map-relationship.html#specializes\" title=\"specializes\">has specialization</a></td><td>A52.00 (心臟血管梅毒)</td></tr><tr><td>090 (梅毒)</td><td><a href=\"http://hl7.org/fhir/R5/codesystem-concept-map-relationship.html#specializes\" title=\"specializes\">has specialization</a></td><td>A52.01 (梅毒性主動脈動脈瘤)</td></tr><tr><td>090 (梅毒)</td><td><a href=\"http://hl7.org/fhir/R5/codesystem-concept-map-relationship.html#specializes\" title=\"specializes\">has specialization</a></td><td>A52.02 (梅毒性主動脈炎)</td></tr><tr><td>090 (梅毒)</td><td><a href=\"http://hl7.org/fhir/R5/codesystem-concept-map-relationship.html#specializes\" title=\"specializes\">has specialization</a></td><td>A52.03 (梅毒性心內膜炎)</td></tr><tr><td>090 (梅毒)</td><td><a href=\"http://hl7.org/fhir/R5/codesystem-concept-map-relationship.html#specializes\" title=\"specializes\">has specialization</a></td><td>A52.04 (梅毒性腦動脈炎)</td></tr><tr><td>090 (梅毒)</td><td><a href=\"http://hl7.org/fhir/R5/codesystem-concept-map-relationship.html#specializes\" title=\"specializes\">has specialization</a></td><td>A52.05 (其他心臟血管梅毒)</td></tr><tr><td>090 (梅毒)</td><td><a href=\"http://hl7.org/fhir/R5/codesystem-concept-map-relationship.html#specializes\" title=\"specializes\">has specialization</a></td><td>A52.06 (其他侵及心臟之梅毒)</td></tr><tr><td>090 (梅毒)</td><td><a href=\"http://hl7.org/fhir/R5/codesystem-concept-map-relationship.html#specializes\" title=\"specializes\">has specialization</a></td><td>A52.09 (其他心血管梅毒)</td></tr><tr><td>090 (梅毒)</td><td><a href=\"http://hl7.org/fhir/R5/codesystem-concept-map-relationship.html#specializes\" title=\"specializes\">has specialization</a></td><td>A52.10 (症狀性神經梅毒)</td></tr><tr><td>090 (梅毒)</td><td><a href=\"http://hl7.org/fhir/R5/codesystem-concept-map-relationship.html#specializes\" title=\"specializes\">has specialization</a></td><td>A52.12 (其他腦脊髓梅毒)</td></tr><tr><td>090 (梅毒)</td><td><a href=\"http://hl7.org/fhir/R5/codesystem-concept-map-relationship.html#specializes\" title=\"specializes\">has specialization</a></td><td>A52.13 (晚期梅毒性腦膜炎)</td></tr><tr><td>090 (梅毒)</td><td><a href=\"http://hl7.org/fhir/R5/codesystem-concept-map-relationship.html#specializes\" title=\"specializes\">has specialization</a></td><td>A52.14 (晚期梅毒性腦炎)</td></tr><tr><td>090 (梅毒)</td><td><a href=\"http://hl7.org/fhir/R5/codesystem-concept-map-relationship.html#specializes\" title=\"specializes\">has specialization</a></td><td>A52.15 (晚期梅毒神經病變)</td></tr><tr><td>090 (梅毒)</td><td><a href=\"http://hl7.org/fhir/R5/codesystem-concept-map-relationship.html#specializes\" title=\"specializes\">has specialization</a></td><td>A52.19 (其他症狀性神經梅毒)</td></tr><tr><td>090 (梅毒)</td><td><a href=\"http://hl7.org/fhir/R5/codesystem-concept-map-relationship.html#specializes\" title=\"specializes\">has specialization</a></td><td>A52.2 (無症狀神經性梅毒)</td></tr><tr><td>090 (梅毒)</td><td><a href=\"http://hl7.org/fhir/R5/codesystem-concept-map-relationship.html#specializes\" title=\"specializes\">has specialization</a></td><td>A52.3 (神經性梅毒)</td></tr><tr><td>090 (梅毒)</td><td><a href=\"http://hl7.org/fhir/R5/codesystem-concept-map-relationship.html#specializes\" title=\"specializes\">has specialization</a></td><td>A52.71 (晚期梅毒性眼病變)</td></tr><tr><td>090 (梅毒)</td><td><a href=\"http://hl7.org/fhir/R5/codesystem-concept-map-relationship.html#specializes\" title=\"specializes\">has specialization</a></td><td>A52.72 (肺及支氣管梅毒)</td></tr><tr><td>090 (梅毒)</td><td><a href=\"http://hl7.org/fhir/R5/codesystem-concept-map-relationship.html#specializes\" title=\"specializes\">has specialization</a></td><td>A52.73 (其他呼吸器官之症狀性晚期梅毒)</td></tr><tr><td>090 (梅毒)</td><td><a href=\"http://hl7.org/fhir/R5/codesystem-concept-map-relationship.html#specializes\" title=\"specializes\">has specialization</a></td><td>A52.74 (肝及其他臟器之梅毒)</td></tr><tr><td>090 (梅毒)</td><td><a href=\"http://hl7.org/fhir/R5/codesystem-concept-map-relationship.html#specializes\" title=\"specializes\">has specialization</a></td><td>A52.75 (腎及輸尿管梅毒)</td></tr><tr><td>090 (梅毒)</td><td><a href=\"http://hl7.org/fhir/R5/codesystem-concept-map-relationship.html#specializes\" title=\"specializes\">has specialization</a></td><td>A52.76 (其他泌尿生殖器之症狀性晚期梅毒)</td></tr><tr><td>090 (梅毒)</td><td><a href=\"http://hl7.org/fhir/R5/codesystem-concept-map-relationship.html#specializes\" title=\"specializes\">has specialization</a></td><td>A52.77 (骨及關節梅毒)</td></tr><tr><td>090 (梅毒)</td><td><a href=\"http://hl7.org/fhir/R5/codesystem-concept-map-relationship.html#specializes\" title=\"specializes\">has specialization</a></td><td>A52.78 (其他肌肉骨骼組織梅毒)</td></tr><tr><td>090 (梅毒)</td><td><a href=\"http://hl7.org/fhir/R5/codesystem-concept-map-relationship.html#specializes\" title=\"specializes\">has specialization</a></td><td>A52.79 (其他型有症狀晚期梅毒)</td></tr><tr><td>090 (梅毒)</td><td><a href=\"http://hl7.org/fhir/R5/codesystem-concept-map-relationship.html#specializes\" title=\"specializes\">has specialization</a></td><td>A52.8 (潛伏性晚期梅毒)</td></tr><tr><td>090 (梅毒)</td><td><a href=\"http://hl7.org/fhir/R5/codesystem-concept-map-relationship.html#specializes\" title=\"specializes\">has specialization</a></td><td>A52.9 (晚期梅毒)</td></tr><tr><td>090 (梅毒)</td><td><a href=\"http://hl7.org/fhir/R5/codesystem-concept-map-relationship.html#specializes\" title=\"specializes\">has specialization</a></td><td>A53.0 (未明示早期或晚期的潛伏性梅毒)</td></tr><tr><td>090 (梅毒)</td><td><a href=\"http://hl7.org/fhir/R5/codesystem-concept-map-relationship.html#specializes\" title=\"specializes\">has specialization</a></td><td>A53.9 (梅毒)</td></tr><tr><td>090 (梅毒)</td><td><a href=\"http://hl7.org/fhir/R5/codesystem-concept-map-relationship.html#specializes\" title=\"specializes\">has specialization</a></td><td>A65 (非性病梅毒)</td></tr><tr><td>090 (梅毒)</td><td><a href=\"http://hl7.org/fhir/R5/codesystem-concept-map-relationship.html#specializes\" title=\"specializes\">has specialization</a></td><td>O98.111 (梅毒，妊娠第一期)</td></tr><tr><td>090 (梅毒)</td><td><a href=\"http://hl7.org/fhir/R5/codesystem-concept-map-relationship.html#specializes\" title=\"specializes\">has specialization</a></td><td>O98.112 (梅毒，妊娠第二期)</td></tr><tr><td>090 (梅毒)</td><td><a href=\"http://hl7.org/fhir/R5/codesystem-concept-map-relationship.html#specializes\" title=\"specializes\">has specialization</a></td><td>O98.113 (梅毒，妊娠第三期)</td></tr><tr><td>090 (梅毒)</td><td><a href=\"http://hl7.org/fhir/R5/codesystem-concept-map-relationship.html#specializes\" title=\"specializes\">has specialization</a></td><td>O98.119 (梅毒，未明示妊娠期)</td></tr><tr><td>090 (梅毒)</td><td><a href=\"http://hl7.org/fhir/R5/codesystem-concept-map-relationship.html#specializes\" title=\"specializes\">has specialization</a></td><td>O98.12 (生產時梅毒)</td></tr><tr><td>090 (梅毒)</td><td><a href=\"http://hl7.org/fhir/R5/codesystem-concept-map-relationship.html#specializes\" title=\"specializes\">has specialization</a></td><td>O98.13 (產褥期梅毒)</td></tr></table></div>"
  },
  "url" : "https://twidir.cdc.gov.tw/twidir/ConceptMap/twcdc-testdisease",
  "version" : "1.4.0",
  "name" : "TWCDCTestDisease",
  "title" : "檢驗疾病代碼對應臺灣2023年中文版ICD-10-CM",
  "status" : "active",
  "experimental" : false,
  "date" : "2023-07-28",
  "publisher" : "衛福部疾病管制署",
  "contact" : [{
    "name" : "衛福部疾病管制署",
    "telecom" : [{
      "system" : "url",
      "value" : "https://www.cdc.gov.tw"
    }]
  }],
  "description" : "臺灣疾管署LIMS系統檢驗疾病代碼對應至臺灣2023年中文版ICD-10-CM代碼，概念對應出版日期：2023-07-28；資料所屬單位：臺灣疾管署。\n*因原始資料無代碼版本資訊，故使用其「生效日期」作為版本資訊。*",
  "sourceUri" : "https://twidir.cdc.gov.tw/twidir/ValueSet/twcdc-testdisease-values",
  "targetUri" : "https://twcore.mohw.gov.tw/ig/twcore/ValueSet/icd-10-cm-2023-tw",
  "group" : [{
    "source" : "https://twidir.cdc.gov.tw/twidir/CodeSystem/twcdc-testdisease-values",
    "target" : "https://twcore.mohw.gov.tw/ig/twcore/CodeSystem/icd-10-cm-2023-tw",
    "element" : [{
      "code" : "0701",
      "display" : "急性病毒性Ａ型肝炎",
      "target" : [{
        "code" : "B15.0",
        "display" : "A型肝炎伴有肝昏迷",
        "equivalence" : "specializes"
      }]
    },
    {
      "code" : "0701",
      "display" : "急性病毒性Ａ型肝炎",
      "target" : [{
        "code" : "B15.9",
        "display" : "Ａ型肝炎未伴有肝昏迷",
        "equivalence" : "specializes"
      }]
    },
    {
      "code" : "0703",
      "display" : "急性病毒性Ｂ型肝炎",
      "target" : [{
        "code" : "B16.2",
        "display" : "急性B型病毒性肝炎未併D 型肝炎病毒伴有肝昏迷",
        "equivalence" : "specializes"
      }]
    },
    {
      "code" : "0703",
      "display" : "急性病毒性Ｂ型肝炎",
      "target" : [{
        "code" : "B16.9",
        "display" : "急性B型病毒性肝炎未併D 型肝炎病毒未伴有肝昏迷",
        "equivalence" : "specializes"
      }]
    },
    {
      "code" : "0705",
      "display" : "急性病毒性Ｃ型肝炎",
      "target" : [{
        "code" : "B17.10",
        "display" : "急性C型病毒性肝炎未伴有肝昏迷",
        "equivalence" : "specializes"
      }]
    },
    {
      "code" : "0705",
      "display" : "急性病毒性Ｃ型肝炎",
      "target" : [{
        "code" : "B17.11",
        "display" : "急性C型病毒性肝炎伴有肝昏迷",
        "equivalence" : "specializes"
      }]
    },
    {
      "code" : "19SC",
      "display" : "新冠併發重症",
      "target" : [{
        "code" : "U07.1",
        "display" : "嚴重特殊傳染性肺炎",
        "equivalence" : "specializes"
      }]
    },
    {
      "code" : "19SC",
      "display" : "新冠併發重症",
      "target" : [{
        "code" : "U09.9",
        "display" : "嚴重特殊傳染性肺炎後的病況",
        "equivalence" : "specializes"
      }]
    },
    {
      "code" : "19SC",
      "display" : "新冠併發重症",
      "target" : [{
        "code" : "Z11.52",
        "display" : "來院接受嚴重特殊傳染性肺炎之篩檢",
        "equivalence" : "specializes"
      }]
    },
    {
      "code" : "19SC",
      "display" : "新冠併發重症",
      "target" : [{
        "code" : "Z20.822",
        "display" : "嚴重特殊傳染性肺炎之接觸和疑似曝露",
        "equivalence" : "specializes"
      }]
    },
    {
      "code" : "19SC",
      "display" : "新冠併發重症",
      "target" : [{
        "code" : "Z28.310",
        "display" : "未接種嚴重特殊傳染性肺炎疫苗",
        "equivalence" : "specializes"
      }]
    },
    {
      "code" : "19SC",
      "display" : "新冠併發重症",
      "target" : [{
        "code" : "Z28.311",
        "display" : "部分接種嚴重特殊傳染性肺炎疫苗",
        "equivalence" : "specializes"
      }]
    },
    {
      "code" : "19SC",
      "display" : "新冠併發重症",
      "target" : [{
        "code" : "Z86.16",
        "display" : "嚴重特殊傳染性肺炎之個人史",
        "equivalence" : "specializes"
      }]
    },
    {
      "code" : "061",
      "display" : "登革熱",
      "target" : [{
        "code" : "A90",
        "display" : "登革熱[典型登革熱]",
        "equivalence" : "specializes"
      }]
    },
    {
      "code" : "061",
      "display" : "登革熱",
      "target" : [{
        "code" : "A91",
        "display" : "登革出血熱",
        "equivalence" : "specializes"
      }]
    },
    {
      "code" : "487a",
      "display" : "流感併發重症",
      "target" : [{
        "code" : "J09.X1",
        "display" : "確認新型流感A型病毒所致流行性感冒併肺炎",
        "equivalence" : "specializes"
      }]
    },
    {
      "code" : "487a",
      "display" : "流感併發重症",
      "target" : [{
        "code" : "J09.X2",
        "display" : "確認新型流感A型病毒所致流行性感冒併其他呼吸道表徵",
        "equivalence" : "specializes"
      }]
    },
    {
      "code" : "487a",
      "display" : "流感併發重症",
      "target" : [{
        "code" : "J09.X3",
        "display" : "確認新型流感A型病毒所致流行性感冒併胃腸道表徵",
        "equivalence" : "specializes"
      }]
    },
    {
      "code" : "487a",
      "display" : "流感併發重症",
      "target" : [{
        "code" : "J09.X9",
        "display" : "確認新型流感A型病毒所致流行性感冒併其他表徵",
        "equivalence" : "specializes"
      }]
    },
    {
      "code" : "487a",
      "display" : "流感併發重症",
      "target" : [{
        "code" : "J10.00",
        "display" : "其他確認流感病毒所致流行性感冒併未明示類型肺炎",
        "equivalence" : "specializes"
      }]
    },
    {
      "code" : "487a",
      "display" : "流感併發重症",
      "target" : [{
        "code" : "J10.01",
        "display" : "其他確認流感病毒所致流行性感冒併同其他確認的流感病毒性肺炎",
        "equivalence" : "specializes"
      }]
    },
    {
      "code" : "487a",
      "display" : "流感併發重症",
      "target" : [{
        "code" : "J10.08",
        "display" : "其他確認流感病毒所致流行性感冒併其他特定肺炎",
        "equivalence" : "specializes"
      }]
    },
    {
      "code" : "487a",
      "display" : "流感併發重症",
      "target" : [{
        "code" : "J10.1",
        "display" : "其他確認流感病毒所致流行性感冒併其他呼吸道表徵",
        "equivalence" : "specializes"
      }]
    },
    {
      "code" : "487a",
      "display" : "流感併發重症",
      "target" : [{
        "code" : "J10.2",
        "display" : "其他確認流感病毒所致流行性感冒併胃腸道表徵",
        "equivalence" : "specializes"
      }]
    },
    {
      "code" : "487a",
      "display" : "流感併發重症",
      "target" : [{
        "code" : "J10.81",
        "display" : "其他確認流感病毒所致流行性感冒併腦病變",
        "equivalence" : "specializes"
      }]
    },
    {
      "code" : "487a",
      "display" : "流感併發重症",
      "target" : [{
        "code" : "J10.82",
        "display" : "其他確認流感病毒所致流行性感冒併心肌炎",
        "equivalence" : "specializes"
      }]
    },
    {
      "code" : "487a",
      "display" : "流感併發重症",
      "target" : [{
        "code" : "J10.83",
        "display" : "其他確認流感病毒所致流行性感冒併中耳炎",
        "equivalence" : "specializes"
      }]
    },
    {
      "code" : "487a",
      "display" : "流感併發重症",
      "target" : [{
        "code" : "J10.89",
        "display" : "其他確認流感病毒所致流行性感冒併其他表徵",
        "equivalence" : "specializes"
      }]
    },
    {
      "code" : "487a",
      "display" : "流感併發重症",
      "target" : [{
        "code" : "J11.00",
        "display" : "未確認流感病毒所致流行性感冒併未明示類型肺炎",
        "equivalence" : "specializes"
      }]
    },
    {
      "code" : "487a",
      "display" : "流感併發重症",
      "target" : [{
        "code" : "J11.08",
        "display" : "未確認流感病毒所致流行性感冒併明示類型肺炎",
        "equivalence" : "specializes"
      }]
    },
    {
      "code" : "487a",
      "display" : "流感併發重症",
      "target" : [{
        "code" : "J11.1",
        "display" : "未確認流感病毒所致流行性感冒併其他呼吸道表徵",
        "equivalence" : "specializes"
      }]
    },
    {
      "code" : "487a",
      "display" : "流感併發重症",
      "target" : [{
        "code" : "J11.2",
        "display" : "未確認流感病毒所致流行性感冒併胃腸道表徵",
        "equivalence" : "specializes"
      }]
    },
    {
      "code" : "487a",
      "display" : "流感併發重症",
      "target" : [{
        "code" : "J11.81",
        "display" : "未確認流感病毒所致流行性感冒併腦病變",
        "equivalence" : "specializes"
      }]
    },
    {
      "code" : "487a",
      "display" : "流感併發重症",
      "target" : [{
        "code" : "J11.82",
        "display" : "未確認流感病毒所致流行性感冒併心肌炎",
        "equivalence" : "specializes"
      }]
    },
    {
      "code" : "487a",
      "display" : "流感併發重症",
      "target" : [{
        "code" : "J11.83",
        "display" : "未確認流感病毒所致流行性感冒併中耳炎",
        "equivalence" : "specializes"
      }]
    },
    {
      "code" : "487a",
      "display" : "流感併發重症",
      "target" : [{
        "code" : "J11.89",
        "display" : "未確認流感病毒所致流行性感冒併其他表徵",
        "equivalence" : "specializes"
      }]
    },
    {
      "code" : "4828",
      "display" : "退伍軍人病",
      "target" : [{
        "code" : "A48.1",
        "display" : "退伍軍人症",
        "equivalence" : "specializes"
      }]
    },
    {
      "code" : "4828",
      "display" : "退伍軍人病",
      "target" : [{
        "code" : "A48.2",
        "display" : "非肺炎性退伍軍人病[Pontiac熱]",
        "equivalence" : "specializes"
      }]
    },
    {
      "code" : "0412",
      "display" : "侵襲性肺炎鏈球菌感染症",
      "target" : [{
        "code" : "J13",
        "display" : "肺炎鏈球菌性肺炎",
        "equivalence" : "specializes"
      }]
    },
    {
      "code" : "004",
      "display" : "悍菌性痢疾",
      "target" : [{
        "code" : "A03.0",
        "display" : "痢疾性志賀桿菌所致之志賀桿菌病",
        "equivalence" : "specializes"
      }]
    },
    {
      "code" : "004",
      "display" : "悍菌性痢疾",
      "target" : [{
        "code" : "A03.1",
        "display" : "副痢疾桿菌所致之志賀桿菌病",
        "equivalence" : "specializes"
      }]
    },
    {
      "code" : "004",
      "display" : "悍菌性痢疾",
      "target" : [{
        "code" : "A03.2",
        "display" : "痢疾桿菌所致之志賀桿菌病",
        "equivalence" : "specializes"
      }]
    },
    {
      "code" : "098",
      "display" : "淋病",
      "target" : [{
        "code" : "A54.00",
        "display" : "下生殖泌尿道淋病雙球菌感染",
        "equivalence" : "specializes"
      }]
    },
    {
      "code" : "098",
      "display" : "淋病",
      "target" : [{
        "code" : "A54.01",
        "display" : "淋病雙球菌性膀胱炎及尿道炎，未明示",
        "equivalence" : "specializes"
      }]
    },
    {
      "code" : "098",
      "display" : "淋病",
      "target" : [{
        "code" : "A54.02",
        "display" : "淋病雙球菌性外陰陰道炎",
        "equivalence" : "specializes"
      }]
    },
    {
      "code" : "098",
      "display" : "淋病",
      "target" : [{
        "code" : "A54.03",
        "display" : "淋病雙球菌性子宮頸炎",
        "equivalence" : "specializes"
      }]
    },
    {
      "code" : "098",
      "display" : "淋病",
      "target" : [{
        "code" : "A54.09",
        "display" : "其他下生殖泌尿道淋病雙球菌感染",
        "equivalence" : "specializes"
      }]
    },
    {
      "code" : "098",
      "display" : "淋病",
      "target" : [{
        "code" : "A54.1",
        "display" : "伴有尿道周圍及附屬腺體膿瘍之下生殖泌尿道淋病雙球菌感染",
        "equivalence" : "specializes"
      }]
    },
    {
      "code" : "098",
      "display" : "淋病",
      "target" : [{
        "code" : "A54.21",
        "display" : "腎及輸尿管淋病雙球菌感染",
        "equivalence" : "specializes"
      }]
    },
    {
      "code" : "098",
      "display" : "淋病",
      "target" : [{
        "code" : "A54.22",
        "display" : "淋病雙球菌性攝護腺炎",
        "equivalence" : "specializes"
      }]
    },
    {
      "code" : "098",
      "display" : "淋病",
      "target" : [{
        "code" : "A54.23",
        "display" : "其他男性生殖器官淋病雙球菌感染",
        "equivalence" : "specializes"
      }]
    },
    {
      "code" : "098",
      "display" : "淋病",
      "target" : [{
        "code" : "A54.24",
        "display" : "淋病雙球菌性女性骨盆腔炎性疾病",
        "equivalence" : "specializes"
      }]
    },
    {
      "code" : "098",
      "display" : "淋病",
      "target" : [{
        "code" : "A54.29",
        "display" : "其他生殖泌尿道淋病雙球菌感染",
        "equivalence" : "specializes"
      }]
    },
    {
      "code" : "098",
      "display" : "淋病",
      "target" : [{
        "code" : "A54.30",
        "display" : "眼淋病雙球菌感染",
        "equivalence" : "specializes"
      }]
    },
    {
      "code" : "098",
      "display" : "淋病",
      "target" : [{
        "code" : "A54.31",
        "display" : "淋病雙球菌性結膜炎",
        "equivalence" : "specializes"
      }]
    },
    {
      "code" : "098",
      "display" : "淋病",
      "target" : [{
        "code" : "A54.32",
        "display" : "淋病雙球菌性虹膜炎",
        "equivalence" : "specializes"
      }]
    },
    {
      "code" : "098",
      "display" : "淋病",
      "target" : [{
        "code" : "A54.33",
        "display" : "淋病雙球菌性角膜炎",
        "equivalence" : "specializes"
      }]
    },
    {
      "code" : "098",
      "display" : "淋病",
      "target" : [{
        "code" : "A54.39",
        "display" : "其他眼淋病雙球菌感染",
        "equivalence" : "specializes"
      }]
    },
    {
      "code" : "098",
      "display" : "淋病",
      "target" : [{
        "code" : "A54.40",
        "display" : "肌肉骨骼系統淋病雙球菌感染",
        "equivalence" : "specializes"
      }]
    },
    {
      "code" : "098",
      "display" : "淋病",
      "target" : [{
        "code" : "A54.41",
        "display" : "淋病雙球菌性脊椎疾病",
        "equivalence" : "specializes"
      }]
    },
    {
      "code" : "098",
      "display" : "淋病",
      "target" : [{
        "code" : "A54.42",
        "display" : "淋病雙球菌性關節炎",
        "equivalence" : "specializes"
      }]
    },
    {
      "code" : "098",
      "display" : "淋病",
      "target" : [{
        "code" : "A54.43",
        "display" : "淋病雙球菌性骨髓炎",
        "equivalence" : "specializes"
      }]
    },
    {
      "code" : "098",
      "display" : "淋病",
      "target" : [{
        "code" : "A54.49",
        "display" : "其他肌肉骨髂組織淋病雙球菌感染",
        "equivalence" : "specializes"
      }]
    },
    {
      "code" : "098",
      "display" : "淋病",
      "target" : [{
        "code" : "A54.5",
        "display" : "淋病雙球菌性咽炎",
        "equivalence" : "specializes"
      }]
    },
    {
      "code" : "098",
      "display" : "淋病",
      "target" : [{
        "code" : "A54.6",
        "display" : "肛門及直腸淋病雙球菌感染",
        "equivalence" : "specializes"
      }]
    },
    {
      "code" : "098",
      "display" : "淋病",
      "target" : [{
        "code" : "A54.81",
        "display" : "淋病雙球菌性腦膜炎",
        "equivalence" : "specializes"
      }]
    },
    {
      "code" : "098",
      "display" : "淋病",
      "target" : [{
        "code" : "A54.82",
        "display" : "淋病雙球菌性腦膿瘍",
        "equivalence" : "specializes"
      }]
    },
    {
      "code" : "098",
      "display" : "淋病",
      "target" : [{
        "code" : "A54.83",
        "display" : "淋病雙球菌性心臟感染",
        "equivalence" : "specializes"
      }]
    },
    {
      "code" : "098",
      "display" : "淋病",
      "target" : [{
        "code" : "A54.84",
        "display" : "淋病雙球菌性肺炎",
        "equivalence" : "specializes"
      }]
    },
    {
      "code" : "098",
      "display" : "淋病",
      "target" : [{
        "code" : "A54.85",
        "display" : "淋病雙球菌性腹膜炎",
        "equivalence" : "specializes"
      }]
    },
    {
      "code" : "098",
      "display" : "淋病",
      "target" : [{
        "code" : "A54.86",
        "display" : "淋病雙球菌性敗血症",
        "equivalence" : "specializes"
      }]
    },
    {
      "code" : "098",
      "display" : "淋病",
      "target" : [{
        "code" : "A54.89",
        "display" : "其他淋病雙球菌感染",
        "equivalence" : "specializes"
      }]
    },
    {
      "code" : "098",
      "display" : "淋病",
      "target" : [{
        "code" : "A54.9",
        "display" : "淋病雙球菌感染",
        "equivalence" : "specializes"
      }]
    },
    {
      "code" : "098",
      "display" : "淋病",
      "target" : [{
        "code" : "O98.211",
        "display" : "淋病，妊娠第一期",
        "equivalence" : "specializes"
      }]
    },
    {
      "code" : "098",
      "display" : "淋病",
      "target" : [{
        "code" : "O98.212",
        "display" : "淋病，妊娠第二期",
        "equivalence" : "specializes"
      }]
    },
    {
      "code" : "098",
      "display" : "淋病",
      "target" : [{
        "code" : "O98.213",
        "display" : "淋病，妊娠第三期",
        "equivalence" : "specializes"
      }]
    },
    {
      "code" : "098",
      "display" : "淋病",
      "target" : [{
        "code" : "O98.219",
        "display" : "淋病，未明示妊娠期",
        "equivalence" : "specializes"
      }]
    },
    {
      "code" : "098",
      "display" : "淋病",
      "target" : [{
        "code" : "O98.22",
        "display" : "生產時淋病",
        "equivalence" : "specializes"
      }]
    },
    {
      "code" : "098",
      "display" : "淋病",
      "target" : [{
        "code" : "O98.23",
        "display" : "產褥期淋病",
        "equivalence" : "specializes"
      }]
    },
    {
      "code" : "090",
      "display" : "梅毒",
      "target" : [{
        "code" : "A50.01",
        "display" : "早期先天性梅毒性眼病變",
        "equivalence" : "specializes"
      }]
    },
    {
      "code" : "090",
      "display" : "梅毒",
      "target" : [{
        "code" : "A50.02",
        "display" : "早期先天性梅毒性骨軟骨病變",
        "equivalence" : "specializes"
      }]
    },
    {
      "code" : "090",
      "display" : "梅毒",
      "target" : [{
        "code" : "A50.03",
        "display" : "早期先天性梅毒性咽炎",
        "equivalence" : "specializes"
      }]
    },
    {
      "code" : "090",
      "display" : "梅毒",
      "target" : [{
        "code" : "A50.04",
        "display" : "早期先天性梅毒性肺炎",
        "equivalence" : "specializes"
      }]
    },
    {
      "code" : "090",
      "display" : "梅毒",
      "target" : [{
        "code" : "A50.05",
        "display" : "早期先天性梅毒性鼻炎",
        "equivalence" : "specializes"
      }]
    },
    {
      "code" : "090",
      "display" : "梅毒",
      "target" : [{
        "code" : "A50.06",
        "display" : "早期先天性皮膚梅毒",
        "equivalence" : "specializes"
      }]
    },
    {
      "code" : "090",
      "display" : "梅毒",
      "target" : [{
        "code" : "A50.07",
        "display" : "早期先天性皮膚黏膜梅毒",
        "equivalence" : "specializes"
      }]
    },
    {
      "code" : "090",
      "display" : "梅毒",
      "target" : [{
        "code" : "A50.08",
        "display" : "早期先天性內臟梅毒",
        "equivalence" : "specializes"
      }]
    },
    {
      "code" : "090",
      "display" : "梅毒",
      "target" : [{
        "code" : "A50.09",
        "display" : "其他有症狀之早期先天性梅毒",
        "equivalence" : "specializes"
      }]
    },
    {
      "code" : "090",
      "display" : "梅毒",
      "target" : [{
        "code" : "A50.1",
        "display" : "潛伏性之早期先天性梅毒",
        "equivalence" : "specializes"
      }]
    },
    {
      "code" : "090",
      "display" : "梅毒",
      "target" : [{
        "code" : "A50.2",
        "display" : "早期先天性梅毒",
        "equivalence" : "specializes"
      }]
    },
    {
      "code" : "090",
      "display" : "梅毒",
      "target" : [{
        "code" : "A50.30",
        "display" : "晚期先天梅毒性眼病變",
        "equivalence" : "specializes"
      }]
    },
    {
      "code" : "090",
      "display" : "梅毒",
      "target" : [{
        "code" : "A50.31",
        "display" : "晚期先天梅毒性間質角膜炎",
        "equivalence" : "specializes"
      }]
    },
    {
      "code" : "090",
      "display" : "梅毒",
      "target" : [{
        "code" : "A50.32",
        "display" : "晚期先天梅毒性脈絡膜視網膜炎",
        "equivalence" : "specializes"
      }]
    },
    {
      "code" : "090",
      "display" : "梅毒",
      "target" : [{
        "code" : "A50.39",
        "display" : "其他晚期先天性梅毒眼病變",
        "equivalence" : "specializes"
      }]
    },
    {
      "code" : "090",
      "display" : "梅毒",
      "target" : [{
        "code" : "A50.40",
        "display" : "晚期先天性神經梅毒",
        "equivalence" : "specializes"
      }]
    },
    {
      "code" : "090",
      "display" : "梅毒",
      "target" : [{
        "code" : "A50.41",
        "display" : "晚期先天性梅毒性腦膜炎",
        "equivalence" : "specializes"
      }]
    },
    {
      "code" : "090",
      "display" : "梅毒",
      "target" : [{
        "code" : "A50.42",
        "display" : "晚期先天性梅毒性腦炎",
        "equivalence" : "specializes"
      }]
    },
    {
      "code" : "090",
      "display" : "梅毒",
      "target" : [{
        "code" : "A50.43",
        "display" : "晚期先天性神經梅毒多神經病變",
        "equivalence" : "specializes"
      }]
    },
    {
      "code" : "090",
      "display" : "梅毒",
      "target" : [{
        "code" : "A50.44",
        "display" : "晚期先天性梅毒視神經萎縮",
        "equivalence" : "specializes"
      }]
    },
    {
      "code" : "090",
      "display" : "梅毒",
      "target" : [{
        "code" : "A50.49",
        "display" : "其他晚期先天性神經梅毒",
        "equivalence" : "specializes"
      }]
    },
    {
      "code" : "090",
      "display" : "梅毒",
      "target" : [{
        "code" : "A50.54",
        "display" : "晚期先天性心血管梅毒",
        "equivalence" : "specializes"
      }]
    },
    {
      "code" : "090",
      "display" : "梅毒",
      "target" : [{
        "code" : "A50.55",
        "display" : "晚期先天性梅毒關節病變",
        "equivalence" : "specializes"
      }]
    },
    {
      "code" : "090",
      "display" : "梅毒",
      "target" : [{
        "code" : "A50.56",
        "display" : "晚期先天性梅毒骨軟骨病變",
        "equivalence" : "specializes"
      }]
    },
    {
      "code" : "090",
      "display" : "梅毒",
      "target" : [{
        "code" : "A50.57",
        "display" : "梅毒性馬鞍鼻",
        "equivalence" : "specializes"
      }]
    },
    {
      "code" : "090",
      "display" : "梅毒",
      "target" : [{
        "code" : "A50.59",
        "display" : "有症狀之其他晚期先天性梅毒",
        "equivalence" : "specializes"
      }]
    },
    {
      "code" : "090",
      "display" : "梅毒",
      "target" : [{
        "code" : "A50.6",
        "display" : "潛伏性之晚期先天性梅毒",
        "equivalence" : "specializes"
      }]
    },
    {
      "code" : "090",
      "display" : "梅毒",
      "target" : [{
        "code" : "A50.7",
        "display" : "晚期先天性梅毒",
        "equivalence" : "specializes"
      }]
    },
    {
      "code" : "090",
      "display" : "梅毒",
      "target" : [{
        "code" : "A50.9",
        "display" : "先天性梅毒",
        "equivalence" : "specializes"
      }]
    },
    {
      "code" : "090",
      "display" : "梅毒",
      "target" : [{
        "code" : "A51.0",
        "display" : "第一期(原發性)生殖器梅毒",
        "equivalence" : "specializes"
      }]
    },
    {
      "code" : "090",
      "display" : "梅毒",
      "target" : [{
        "code" : "A51.1",
        "display" : "第一期(原發性)肛門梅毒",
        "equivalence" : "specializes"
      }]
    },
    {
      "code" : "090",
      "display" : "梅毒",
      "target" : [{
        "code" : "A51.2",
        "display" : "其他部位第一期(原發性)梅毒",
        "equivalence" : "specializes"
      }]
    },
    {
      "code" : "090",
      "display" : "梅毒",
      "target" : [{
        "code" : "A51.32",
        "display" : "梅毒性禿髮",
        "equivalence" : "specializes"
      }]
    },
    {
      "code" : "090",
      "display" : "梅毒",
      "target" : [{
        "code" : "A51.39",
        "display" : "其他第二期(續發性)皮膚梅毒",
        "equivalence" : "specializes"
      }]
    },
    {
      "code" : "090",
      "display" : "梅毒",
      "target" : [{
        "code" : "A51.41",
        "display" : "續發性梅毒腦膜炎",
        "equivalence" : "specializes"
      }]
    },
    {
      "code" : "090",
      "display" : "梅毒",
      "target" : [{
        "code" : "A51.42",
        "display" : "第二期(續發性)梅毒性女性骨盆發炎性疾病",
        "equivalence" : "specializes"
      }]
    },
    {
      "code" : "090",
      "display" : "梅毒",
      "target" : [{
        "code" : "A51.43",
        "display" : "第二期(續發性)梅毒性眼病變",
        "equivalence" : "specializes"
      }]
    },
    {
      "code" : "090",
      "display" : "梅毒",
      "target" : [{
        "code" : "A51.44",
        "display" : "第二期(續發性)梅毒腎炎",
        "equivalence" : "specializes"
      }]
    },
    {
      "code" : "090",
      "display" : "梅毒",
      "target" : [{
        "code" : "A51.45",
        "display" : "第二期(續發性)梅毒肝炎",
        "equivalence" : "specializes"
      }]
    },
    {
      "code" : "090",
      "display" : "梅毒",
      "target" : [{
        "code" : "A51.46",
        "display" : "第二期(續發性)梅毒骨病變",
        "equivalence" : "specializes"
      }]
    },
    {
      "code" : "090",
      "display" : "梅毒",
      "target" : [{
        "code" : "A51.49",
        "display" : "其他第二期(續發性)梅毒",
        "equivalence" : "specializes"
      }]
    },
    {
      "code" : "090",
      "display" : "梅毒",
      "target" : [{
        "code" : "A51.5",
        "display" : "潛伏性早期梅毒",
        "equivalence" : "specializes"
      }]
    },
    {
      "code" : "090",
      "display" : "梅毒",
      "target" : [{
        "code" : "A51.9",
        "display" : "早期梅毒",
        "equivalence" : "specializes"
      }]
    },
    {
      "code" : "090",
      "display" : "梅毒",
      "target" : [{
        "code" : "A52.00",
        "display" : "心臟血管梅毒",
        "equivalence" : "specializes"
      }]
    },
    {
      "code" : "090",
      "display" : "梅毒",
      "target" : [{
        "code" : "A52.01",
        "display" : "梅毒性主動脈動脈瘤",
        "equivalence" : "specializes"
      }]
    },
    {
      "code" : "090",
      "display" : "梅毒",
      "target" : [{
        "code" : "A52.02",
        "display" : "梅毒性主動脈炎",
        "equivalence" : "specializes"
      }]
    },
    {
      "code" : "090",
      "display" : "梅毒",
      "target" : [{
        "code" : "A52.03",
        "display" : "梅毒性心內膜炎",
        "equivalence" : "specializes"
      }]
    },
    {
      "code" : "090",
      "display" : "梅毒",
      "target" : [{
        "code" : "A52.04",
        "display" : "梅毒性腦動脈炎",
        "equivalence" : "specializes"
      }]
    },
    {
      "code" : "090",
      "display" : "梅毒",
      "target" : [{
        "code" : "A52.05",
        "display" : "其他心臟血管梅毒",
        "equivalence" : "specializes"
      }]
    },
    {
      "code" : "090",
      "display" : "梅毒",
      "target" : [{
        "code" : "A52.06",
        "display" : "其他侵及心臟之梅毒",
        "equivalence" : "specializes"
      }]
    },
    {
      "code" : "090",
      "display" : "梅毒",
      "target" : [{
        "code" : "A52.09",
        "display" : "其他心血管梅毒",
        "equivalence" : "specializes"
      }]
    },
    {
      "code" : "090",
      "display" : "梅毒",
      "target" : [{
        "code" : "A52.10",
        "display" : "症狀性神經梅毒",
        "equivalence" : "specializes"
      }]
    },
    {
      "code" : "090",
      "display" : "梅毒",
      "target" : [{
        "code" : "A52.12",
        "display" : "其他腦脊髓梅毒",
        "equivalence" : "specializes"
      }]
    },
    {
      "code" : "090",
      "display" : "梅毒",
      "target" : [{
        "code" : "A52.13",
        "display" : "晚期梅毒性腦膜炎",
        "equivalence" : "specializes"
      }]
    },
    {
      "code" : "090",
      "display" : "梅毒",
      "target" : [{
        "code" : "A52.14",
        "display" : "晚期梅毒性腦炎",
        "equivalence" : "specializes"
      }]
    },
    {
      "code" : "090",
      "display" : "梅毒",
      "target" : [{
        "code" : "A52.15",
        "display" : "晚期梅毒神經病變",
        "equivalence" : "specializes"
      }]
    },
    {
      "code" : "090",
      "display" : "梅毒",
      "target" : [{
        "code" : "A52.19",
        "display" : "其他症狀性神經梅毒",
        "equivalence" : "specializes"
      }]
    },
    {
      "code" : "090",
      "display" : "梅毒",
      "target" : [{
        "code" : "A52.2",
        "display" : "無症狀神經性梅毒",
        "equivalence" : "specializes"
      }]
    },
    {
      "code" : "090",
      "display" : "梅毒",
      "target" : [{
        "code" : "A52.3",
        "display" : "神經性梅毒",
        "equivalence" : "specializes"
      }]
    },
    {
      "code" : "090",
      "display" : "梅毒",
      "target" : [{
        "code" : "A52.71",
        "display" : "晚期梅毒性眼病變",
        "equivalence" : "specializes"
      }]
    },
    {
      "code" : "090",
      "display" : "梅毒",
      "target" : [{
        "code" : "A52.72",
        "display" : "肺及支氣管梅毒",
        "equivalence" : "specializes"
      }]
    },
    {
      "code" : "090",
      "display" : "梅毒",
      "target" : [{
        "code" : "A52.73",
        "display" : "其他呼吸器官之症狀性晚期梅毒",
        "equivalence" : "specializes"
      }]
    },
    {
      "code" : "090",
      "display" : "梅毒",
      "target" : [{
        "code" : "A52.74",
        "display" : "肝及其他臟器之梅毒",
        "equivalence" : "specializes"
      }]
    },
    {
      "code" : "090",
      "display" : "梅毒",
      "target" : [{
        "code" : "A52.75",
        "display" : "腎及輸尿管梅毒",
        "equivalence" : "specializes"
      }]
    },
    {
      "code" : "090",
      "display" : "梅毒",
      "target" : [{
        "code" : "A52.76",
        "display" : "其他泌尿生殖器之症狀性晚期梅毒",
        "equivalence" : "specializes"
      }]
    },
    {
      "code" : "090",
      "display" : "梅毒",
      "target" : [{
        "code" : "A52.77",
        "display" : "骨及關節梅毒",
        "equivalence" : "specializes"
      }]
    },
    {
      "code" : "090",
      "display" : "梅毒",
      "target" : [{
        "code" : "A52.78",
        "display" : "其他肌肉骨骼組織梅毒",
        "equivalence" : "specializes"
      }]
    },
    {
      "code" : "090",
      "display" : "梅毒",
      "target" : [{
        "code" : "A52.79",
        "display" : "其他型有症狀晚期梅毒",
        "equivalence" : "specializes"
      }]
    },
    {
      "code" : "090",
      "display" : "梅毒",
      "target" : [{
        "code" : "A52.8",
        "display" : "潛伏性晚期梅毒",
        "equivalence" : "specializes"
      }]
    },
    {
      "code" : "090",
      "display" : "梅毒",
      "target" : [{
        "code" : "A52.9",
        "display" : "晚期梅毒",
        "equivalence" : "specializes"
      }]
    },
    {
      "code" : "090",
      "display" : "梅毒",
      "target" : [{
        "code" : "A53.0",
        "display" : "未明示早期或晚期的潛伏性梅毒",
        "equivalence" : "specializes"
      }]
    },
    {
      "code" : "090",
      "display" : "梅毒",
      "target" : [{
        "code" : "A53.9",
        "display" : "梅毒",
        "equivalence" : "specializes"
      }]
    },
    {
      "code" : "090",
      "display" : "梅毒",
      "target" : [{
        "code" : "A65",
        "display" : "非性病梅毒",
        "equivalence" : "specializes"
      }]
    },
    {
      "code" : "090",
      "display" : "梅毒",
      "target" : [{
        "code" : "O98.111",
        "display" : "梅毒，妊娠第一期",
        "equivalence" : "specializes"
      }]
    },
    {
      "code" : "090",
      "display" : "梅毒",
      "target" : [{
        "code" : "O98.112",
        "display" : "梅毒，妊娠第二期",
        "equivalence" : "specializes"
      }]
    },
    {
      "code" : "090",
      "display" : "梅毒",
      "target" : [{
        "code" : "O98.113",
        "display" : "梅毒，妊娠第三期",
        "equivalence" : "specializes"
      }]
    },
    {
      "code" : "090",
      "display" : "梅毒",
      "target" : [{
        "code" : "O98.119",
        "display" : "梅毒，未明示妊娠期",
        "equivalence" : "specializes"
      }]
    },
    {
      "code" : "090",
      "display" : "梅毒",
      "target" : [{
        "code" : "O98.12",
        "display" : "生產時梅毒",
        "equivalence" : "specializes"
      }]
    },
    {
      "code" : "090",
      "display" : "梅毒",
      "target" : [{
        "code" : "O98.13",
        "display" : "產褥期梅毒",
        "equivalence" : "specializes"
      }]
    }]
  }]
}